<?xml version="1.0" encoding="UTF-8" standalone="yes"?>
<manifest identifier="com.scorm.golfsamples.sequencing.simpleremediation.20043rd" version="1" xmlns="http://www.imsglobal.org/xsd/imscp_v1p1" xmlns:xsi="http://www.w3.org/2001/XMLSchema-instance" xmlns:adlcp="http://www.adlnet.org/xsd/adlcp_v1p3" xmlns:adlseq="http://www.adlnet.org/xsd/adlseq_v1p3" xmlns:adlnav="http://www.adlnet.org/xsd/adlnav_v1p3" xmlns:imsss="http://www.imsglobal.org/xsd/imsss" xsi:schemaLocation="http://www.imsglobal.org/xsd/imscp_v1p1 imscp_v1p1.xsd&#xD;&#xA;                              http://www.adlnet.org/xsd/adlcp_v1p3 adlcp_v1p3.xsd&#xD;&#xA;                              http://www.adlnet.org/xsd/adlseq_v1p3 adlseq_v1p3.xsd&#xD;&#xA;                              http://www.adlnet.org/xsd/adlnav_v1p3 adlnav_v1p3.xsd&#xD;&#xA;                              http://www.imsglobal.org/xsd/imsss imsss_v1p0.xsd">
  <metadata>
    <schema>ADL SCORM</schema>
    <schemaversion>2004 3rd Edition</schemaversion>
  </metadata>
  <organizations default="default">
    <organization identifier="default" adlseq:objectivesGlobalToSystem="false">
      <title>Docebo Diagnostics</title>
      <item identifier="diagnostics" identifierref="diagnostics" />
      <imsss:sequencing>
        <imsss:controlMode choice="false" flow="true"/>
      </imsss:sequencing>
    </organization>
  </organizations>
  <resources>
    <resource identifier="diagnostics" type="webcontent" adlcp:scormType="sco" href="index.html">
      <dependency identifierref="common_files"/>
    </resource>
    <resource identifier="common_files" type="webcontent" adlcp:scormType="asset"/>
  </resources>
</manifest>